group,n,n80,n90,n95,n99,participation_ratio,top1_evr,top2_evr
global,,,,,,1.910691053477228,,
H1N1,,,,,,1.4305587487342268,,
H3N2,,,,,,1.5294304210698815,,
