subtype,protein,group,n_local_positions,n_mapped_positions,mean_gc_fraction_codon,mean_cpg_codon_fraction,mean_upa_codon_fraction,mean_aa_entropy,max_aa_entropy
H1N1,HA,HA-H1N1,573,501,0.4059569629894852,0.017649717110994168,0.12997203927223194,0.44978960064921686,1.7794533569415123
H1N1,NA,NA-H1N1,477,388,0.41692828430134393,0.019874572897162622,0.1142137648811306,0.5123695991933372,1.8285363438280822
H3N2,HA,HA-H3N2,577,504,0.4167718183338029,0.027096722449079222,0.09256928050103044,0.3775318982803106,1.954434002924965
H3N2,NA,NA-H3N2,476,387,0.42608076880383317,0.02449146042442076,0.10035435599794695,0.21414215797956393,1.8020456244375826
