representation,protein,subtype,group,rank,feature,mean_value
codon_freq,HA,H1N1,HA|H1N1,1,AAT,0.04869522154331207
codon_freq,HA,H1N1,HA|H1N1,2,AAA,0.04651463031768799
codon_freq,HA,H1N1,HA|H1N1,3,GAA,0.042793579399585724
codon_freq,HA,H1N1,HA|H1N1,4,ACA,0.04261499643325806
codon_freq,HA,H1N1,HA|H1N1,5,ATT,0.030030174180865288
codon_freq,HA,H1N1,HA|H1N1,6,TCA,0.028973588719964027
codon_freq,HA,H1N1,HA|H1N1,7,GCA,0.028878595679998398
codon_freq,HA,H1N1,HA|H1N1,8,GTA,0.028182946145534515
codon_freq,HA,H1N1,HA|H1N1,9,AAC,0.027963722124695778
codon_freq,HA,H1N1,HA|H1N1,10,AAG,0.026923395693302155
codon_freq,HA,H3N2,HA|H3N2,1,AAA,0.04613228514790535
codon_freq,HA,H3N2,HA|H3N2,2,AAT,0.04418463632464409
codon_freq,HA,H3N2,HA|H3N2,3,AAC,0.03355764225125313
codon_freq,HA,H3N2,HA|H3N2,4,CAA,0.03216138109564781
codon_freq,HA,H3N2,HA|H3N2,5,ATC,0.030986662954092026
codon_freq,HA,H3N2,HA|H3N2,6,GGA,0.0305625069886446
codon_freq,HA,H3N2,HA|H3N2,7,ATA,0.03004503808915615
codon_freq,HA,H3N2,HA|H3N2,8,GAA,0.028178900480270386
codon_freq,HA,H3N2,HA|H3N2,9,ATT,0.027207976207137108
codon_freq,HA,H3N2,HA|H3N2,10,GAC,0.02685936726629734
codon_freq,NA,H1N1,NA|H1N1,1,AAT,0.0480838418006897
codon_freq,NA,H1N1,NA|H1N1,2,ATA,0.044492822140455246
codon_freq,NA,H1N1,NA|H1N1,3,GGA,0.036823820322752
codon_freq,NA,H1N1,NA|H1N1,4,TGG,0.03402022644877434
codon_freq,NA,H1N1,NA|H1N1,5,AAC,0.032618794590234756
codon_freq,NA,H1N1,NA|H1N1,6,ATT,0.02997501939535141
codon_freq,NA,H1N1,NA|H1N1,7,GAA,0.028388921171426773
codon_freq,NA,H1N1,NA|H1N1,8,TCA,0.028170472010970116
codon_freq,NA,H1N1,NA|H1N1,9,AGT,0.02794933319091797
codon_freq,NA,H1N1,NA|H1N1,10,AAA,0.02493143267929554
codon_freq,NA,H3N2,NA|H3N2,1,ATA,0.03853736072778702
codon_freq,NA,H3N2,NA|H3N2,2,AAT,0.03380759432911873
codon_freq,NA,H3N2,NA|H3N2,3,AAA,0.03233960643410683
codon_freq,NA,H3N2,NA|H3N2,4,GAA,0.03173685818910599
codon_freq,NA,H3N2,NA|H3N2,5,GAT,0.03165530785918236
codon_freq,NA,H3N2,NA|H3N2,6,ACA,0.03156237676739693
codon_freq,NA,H3N2,NA|H3N2,7,AAC,0.03141266480088234
codon_freq,NA,H3N2,NA|H3N2,8,GGA,0.03132082149386406
codon_freq,NA,H3N2,NA|H3N2,9,TCA,0.026512224227190018
codon_freq,NA,H3N2,NA|H3N2,10,ATT,0.02606734074652195
