representation,protein,subtype,group,rank,feature,mean_value
rscu,HA,H1N1,HA|H1N1,1,AGA,4.495874404907227
rscu,HA,H1N1,HA|H1N1,2,ACA,2.492292642593384
rscu,HA,H1N1,HA|H1N1,3,TCA,2.2690622806549072
rscu,HA,H1N1,HA|H1N1,4,GCA,1.9942655563354492
rscu,HA,H1N1,HA|H1N1,5,CCA,1.954559326171875
rscu,HA,H1N1,HA|H1N1,6,GTA,1.723217248916626
rscu,HA,H1N1,HA|H1N1,7,CTA,1.5868977308273315
rscu,HA,H1N1,HA|H1N1,8,CTG,1.5696837902069092
rscu,HA,H1N1,HA|H1N1,9,AGG,1.4863624572753906
rscu,HA,H1N1,HA|H1N1,10,ATT,1.4476721286773682
rscu,HA,H3N2,HA|H3N2,1,AGA,2.977534294128418
rscu,HA,H3N2,HA|H3N2,2,AGC,1.8807778358459473
rscu,HA,H3N2,HA|H3N2,3,AGG,1.8807364702224731
rscu,HA,H3N2,HA|H3N2,4,GTT,1.7896226644515991
rscu,HA,H3N2,HA|H3N2,5,TCA,1.7852826118469238
rscu,HA,H3N2,HA|H3N2,6,GGA,1.637492299079895
rscu,HA,H3N2,HA|H3N2,7,TTG,1.5473541021347046
rscu,HA,H3N2,HA|H3N2,8,ACT,1.5129458904266357
rscu,HA,H3N2,HA|H3N2,9,ACA,1.5121012926101685
rscu,HA,H3N2,HA|H3N2,10,CAA,1.510127067565918
rscu,NA,H1N1,NA|H1N1,1,AGA,3.498997926712036
rscu,NA,H1N1,NA|H1N1,2,GCT,2.051760673522949
rscu,NA,H1N1,NA|H1N1,3,CCA,1.9341213703155518
rscu,NA,H1N1,NA|H1N1,4,TTG,1.774111032485962
rscu,NA,H1N1,NA|H1N1,5,CTA,1.635256052017212
rscu,NA,H1N1,NA|H1N1,6,GGA,1.5522629022598267
rscu,NA,H1N1,NA|H1N1,7,ACA,1.494381070137024
rscu,NA,H1N1,NA|H1N1,8,TCA,1.456097960472107
rscu,NA,H1N1,NA|H1N1,9,AGT,1.4413217306137085
rscu,NA,H1N1,NA|H1N1,10,TTA,1.4087398052215576
rscu,NA,H3N2,NA|H3N2,1,AGA,2.4967079162597656
rscu,NA,H3N2,NA|H3N2,2,CCT,2.135354995727539
rscu,NA,H3N2,NA|H3N2,3,TTG,2.0351336002349854
rscu,NA,H3N2,NA|H3N2,4,AGG,2.001856565475464
rscu,NA,H3N2,NA|H3N2,5,CAT,1.795852780342102
rscu,NA,H3N2,NA|H3N2,6,TAT,1.6894859075546265
rscu,NA,H3N2,NA|H3N2,7,TCA,1.639653205871582
rscu,NA,H3N2,NA|H3N2,8,ACA,1.61611008644104
rscu,NA,H3N2,NA|H3N2,9,GGA,1.5204310417175293
rscu,NA,H3N2,NA|H3N2,10,TCC,1.4678956270217896
